<?xml version="1.0" encoding="UTF-8"?>
<beans xmlns="http://www.springframework.org/schema/beans"
  xmlns:xsi="http://www.w3.org/2001/XMLSchema-instance"
  xmlns:context="http://www.springframework.org/schema/context"
  xsi:schemaLocation="http://www.springframework.org/schema/beans
  http://www.springframework.org/schema/beans/spring-beans-2.5.xsd
  http://www.springframework.org/schema/context
  http://www.springframework.org/schema/context/spring-context-2.5.xsd">

  <context:annotation-config />

  <bean id="myJobTitle" class="com.model.JobTitle">
    <property name="action" value="development" />
    <property name="type" value="2" />
  </bean>

  <bean id="myEmp" class="com.model.Employee">
    <property name="name" value="abc" />
    <property name="address" value="hyd" />
    <property name="age" value="20" />
  </bean>

</beans>