<?xml version="1.0" encoding="UTF-8"?>
<beans xmlns="http://www.springframework.org/schema/beans"
    xmlns:xsi="http://www.w3.org/2001/XMLSchema-instance"
    xsi:schemaLocation="
        http://www.springframework.org/schema/beans http://www.springframework.org/schema/beans/spring-beans.xsd">

<!-- Employee Bean -->
<bean id="emp_one" class="com.models.Employee">
<property name="eid" value="100"></property>
<property name="ename" value="Ojasemp"></property>
<property name="skillset">
<list>
<value>Java</value>
<value>AdvJava</value>
<value>SpringJava</value>
<value>Java10</value>

</list>
</property>
</bean>
</beans>